{
   "Records": [
     {
       "eventVersion": "2.0",
       "eventSource": "aws:s3",
       "awsRegion": "us-east-1",
       "eventTime": "1970-01-01T00:00:00.000Z",
       "eventName": "ObjectCreated:Put",
       "userIdentity": {
         "principalId": "EXAMPLE"
       },
       "requestParameters": {
         "sourceIPAddress": "127.0.0.1"
       },
       "responseElements": {
         "x-amz-request-id": "EXAMPLE123456789",
         "x-amz-id-2": "EXAMPLE123/5678abcdefghijklambdaisawesome/mnopqrstuvwxyzABCDEFGH"
       },
       "s3": {
         "s3SchemaVersion": "1.0",
         "configurationId": "testConfigRule",
         "bucket": {
           "name": "cicd-lambda-image-pre-resized",
           "ownerIdentity": {
             "principalId": "AKIARSIHR5MFID2UCCIR"
           },
           "arn": "arn:aws:s3:::cicd-lambda-image-pre-resized"
         },
         "object": {
           "key": "top_of_skyscraper_selfie-wallpaper-1680x1050.jpg",
           "size": 1024,
           "eTag": "0123456789abcdef0123456789abcdef",
           "sequencer": "0A1B2C3D4E5F678901"
         }
       }
     }
   ]
 }